Pregunta,Descripcion,Seccion,Opcion,Votante,Fecha
"asdasd","asdasdasd",":tank:Tanks","brewmaster Monk","Sin votos","6/26/2025, 4:08:23 PM"
"asdasd","asdasdasd",":tank:Tanks","Warrior","Sin votos","6/26/2025, 4:08:23 PM"
"asdasd","asdasdasd",":heal:Healer","restoshaman Chaman","Sin votos","6/26/2025, 4:08:23 PM"
"asdasd","asdasdasd",":heal:Healer","priestholy Sacerdote","Sin votos","6/26/2025, 4:08:23 PM"
"asdasd","asdasdasd",":dps:DPS","retripala Paladin","_onie.","6/26/2025, 4:08:23 PM"
"asdasd","asdasdasd",":dps:DPS","rogué","Sin votos","6/26/2025, 4:08:23 PM"
